{
	"info": {
		"_postman_id": "bde7cad3-a79c-4ffb-82b4-b212f30d716f",
		"name": "Microservices API",
		"schema": "https://schema.getpostman.com/json/collection/v2.1.0/collection.json",
		"_exporter_id": "18027503",
		"_collection_link": "https://cloudy-resonance-579707.postman.co/workspace/api~95145032-0b8d-46e4-89e1-fda4799c953e/collection/18027503-bde7cad3-a79c-4ffb-82b4-b212f30d716f?action=share&source=collection_link&creator=18027503"
	},
	"item": [
		{
			"name": "Api GateWay",
			"item": [
				{
					"name": "Order",
					"item": [
						{
							"name": "Get Order By Id",
							"request": {
								"method": "GET",
								"header": [],
								"url": {
									"raw": "http://localhost:5000/api/order/1",
									"protocol": "http",
									"host": [
										"localhost"
									],
									"port": "5000",
									"path": [
										"api",
										"order",
										"1"
									]
								}
							},
							"response": []
						},
						{
							"name": "Order Status",
							"request": {
								"method": "GET",
								"header": [],
								"url": {
									"raw": "http://localhost:5000/api/order/status",
									"protocol": "http",
									"host": [
										"localhost"
									],
									"port": "5000",
									"path": [
										"api",
										"order",
										"status"
									]
								}
							},
							"response": []
						},
						{
							"name": "Place Order",
							"request": {
								"method": "POST",
								"header": [],
								"body": {
									"mode": "raw",
									"raw": "{\r\n  \"UserId\": 1,\r\n  \"ItemId\": 3,\r\n  \"Description\": \"johndoe1\",\r\n  \"ReservationPeriod\": \"01:00:00\"\r\n}",
									"options": {
										"raw": {
											"language": "json"
										}
									}
								},
								"url": {
									"raw": "http://localhost:5000/api/order/create",
									"protocol": "http",
									"host": [
										"localhost"
									],
									"port": "5000",
									"path": [
										"api",
										"order",
										"create"
									]
								}
							},
							"response": []
						},
						{
							"name": "Update",
							"request": {
								"method": "PUT",
								"header": [],
								"body": {
									"mode": "raw",
									"raw": "{\r\n  \"Id\": 1,\r\n  \"UserId\": 1,\r\n  \"ItemId\": 1,\r\n  \"Description\": \"johndoe1\",\r\n  \"ReservationPeriod\": \"01:00:00\",\r\n  \"OrderStatus\": 20\r\n}",
									"options": {
										"raw": {
											"language": "json"
										}
									}
								},
								"url": {
									"raw": "http://localhost:5000/api/order/1",
									"protocol": "http",
									"host": [
										"localhost"
									],
									"port": "5000",
									"path": [
										"api",
										"order",
										"1"
									]
								}
							},
							"response": []
						},
						{
							"name": "Delete Copy",
							"request": {
								"method": "DELETE",
								"header": [],
								"url": {
									"raw": "http://localhost:5000/api/order/1",
									"protocol": "http",
									"host": [
										"localhost"
									],
									"port": "5000",
									"path": [
										"api",
										"order",
										"1"
									]
								}
							},
							"response": []
						}
					]
				},
				{
					"name": "Inventory",
					"item": [
						{
							"name": "Inventory Status",
							"request": {
								"method": "GET",
								"header": [],
								"url": {
									"raw": "http://localhost:5000/api/inventory/status",
									"protocol": "http",
									"host": [
										"localhost"
									],
									"port": "5000",
									"path": [
										"api",
										"inventory",
										"status"
									]
								}
							},
							"response": []
						},
						{
							"name": "Get By Id",
							"request": {
								"method": "GET",
								"header": [],
								"url": {
									"raw": "http://localhost:5000/api/inventory/1",
									"protocol": "http",
									"host": [
										"localhost"
									],
									"port": "5000",
									"path": [
										"api",
										"inventory",
										"1"
									]
								}
							},
							"response": []
						},
						{
							"name": "Change status",
							"request": {
								"method": "POST",
								"header": [],
								"body": {
									"mode": "raw",
									"raw": "{\r\n  \"Id\": 1,\r\n  \"Status\": \"Available\"\r\n}",
									"options": {
										"raw": {
											"language": "json"
										}
									}
								},
								"url": {
									"raw": "http://localhost:5000/api/inventory/change-status",
									"protocol": "http",
									"host": [
										"localhost"
									],
									"port": "5000",
									"path": [
										"api",
										"inventory",
										"change-status"
									],
									"query": [
										{
											"key": "id",
											"value": "1",
											"disabled": true
										},
										{
											"key": "status",
											"value": "Reserved",
											"disabled": true
										}
									]
								}
							},
							"response": []
						},
						{
							"name": "Create Item",
							"request": {
								"method": "POST",
								"header": [],
								"body": {
									"mode": "raw",
									"raw": "{\r\n  \"Name\": \"BOLT\",\r\n  \"Status\": 0,\r\n  \"ItemType\": 5\r\n}",
									"options": {
										"raw": {
											"language": "json"
										}
									}
								},
								"url": {
									"raw": "http://localhost:5000/api/inventory/create",
									"protocol": "http",
									"host": [
										"localhost"
									],
									"port": "5000",
									"path": [
										"api",
										"inventory",
										"create"
									]
								}
							},
							"response": []
						},
						{
							"name": "Update Item",
							"request": {
								"method": "PUT",
								"header": [],
								"body": {
									"mode": "raw",
									"raw": "{\r\n    \"Id\": 1,\r\n    \"Name\": \"BOLT\",\r\n    \"Status\": 1,\r\n    \"ItemType\": 5\r\n}",
									"options": {
										"raw": {
											"language": "json"
										}
									}
								},
								"url": {
									"raw": "http://localhost:5000/api/inventory/1",
									"protocol": "http",
									"host": [
										"localhost"
									],
									"port": "5000",
									"path": [
										"api",
										"inventory",
										"1"
									]
								}
							},
							"response": []
						},
						{
							"name": "Delete",
							"request": {
								"method": "DELETE",
								"header": [],
								"url": {
									"raw": "http://localhost:5000/api/inventory/1",
									"protocol": "http",
									"host": [
										"localhost"
									],
									"port": "5000",
									"path": [
										"api",
										"inventory",
										"1"
									]
								}
							},
							"response": []
						}
					]
				},
				{
					"name": "API Gateway",
					"item": [
						{
							"name": "API STATUS",
							"request": {
								"method": "GET",
								"header": [],
								"url": {
									"raw": "http://localhost:5000/status",
									"protocol": "http",
									"host": [
										"localhost"
									],
									"port": "5000",
									"path": [
										"status"
									]
								}
							},
							"response": []
						},
						{
							"name": "Clear Cache",
							"request": {
								"method": "GET",
								"header": [],
								"url": {
									"raw": "http://localhost:5000/clear_cache",
									"protocol": "http",
									"host": [
										"localhost"
									],
									"port": "5000",
									"path": [
										"clear_cache"
									]
								}
							},
							"response": []
						}
					]
				}
			]
		}
	]
}